,id,Flight,DayOfWeek,Time,Length,Delay
count,20000.0,20000.0,20000.0,20000.0,20000.0,20000.0
mean,10000.5,2444.8277,3.1194,755.9043,129.6007,0.42355
std,5773.647027659381,2085.2441863433028,0.3242667072717646,293.4987814595589,67.99439330846383,0.49413318637822135
min,1.0,1.0,3.0,10.0,24.0,0.0
25%,5000.75,728.0,3.0,470.0,80.0,0.0
50%,10000.5,1789.5,3.0,735.0,113.0,0.0
75%,15000.25,3789.25,3.0,1005.0,159.0,1.0
max,20000.0,7812.0,4.0,1439.0,655.0,1.0
